mean_fit_time,std_fit_time,mean_score_time,std_score_time,param_model__alpha,param_vec__analyzer,param_vec__max_df,param_vec__max_features,param_vec__min_df,param_vec__ngram_range,params,split0_test_accuracy,split1_test_accuracy,split2_test_accuracy,split3_test_accuracy,split4_test_accuracy,mean_test_accuracy,std_test_accuracy,rank_test_accuracy,split0_test_recall_macro,split1_test_recall_macro,split2_test_recall_macro,split3_test_recall_macro,split4_test_recall_macro,mean_test_recall_macro,std_test_recall_macro,rank_test_recall_macro,split0_test_f1_macro,split1_test_f1_macro,split2_test_f1_macro,split3_test_f1_macro,split4_test_f1_macro,mean_test_f1_macro,std_test_f1_macro,rank_test_f1_macro
4.58832802772522,0.2197550021548955,0.9113001346588134,0.08634169666177137,1.0,char_wb,0.95,20000,5,"(3, 5)","{'model__alpha': 1.0, 'vec__analyzer': 'char_wb', 'vec__max_df': 0.95, 'vec__max_features': 20000, 'vec__min_df': 5, 'vec__ngram_range': (3, 5)}",0.6597487711632988,0.6597487711632988,0.661751319861642,0.6549526584122359,0.659686817188638,0.6591776675578227,0.0022532616565406377,1,0.649814935921266,0.6516325837135085,0.6514056651270629,0.6440644061466684,0.6488095795293739,0.649145434087576,0.00274490194868595,1,0.6597079201398808,0.6605608276241671,0.6612435496866068,0.6536059863069172,0.658427508879922,0.6587091585274988,0.0027192291181945176,1
4.61600170135498,0.346536704409912,0.9649962902069091,0.16500979776389774,1.0,char_wb,0.9,20000,5,"(3, 5)","{'model__alpha': 1.0, 'vec__analyzer': 'char_wb', 'vec__max_df': 0.9, 'vec__max_features': 20000, 'vec__min_df': 5, 'vec__ngram_range': (3, 5)}",0.6597487711632988,0.6597487711632988,0.661751319861642,0.6549526584122359,0.659686817188638,0.6591776675578227,0.0022532616565406377,1,0.649814935921266,0.6516325837135085,0.6514056651270629,0.6440644061466684,0.6488095795293739,0.649145434087576,0.00274490194868595,1,0.6597079201398808,0.6605608276241671,0.6612435496866068,0.6536059863069172,0.658427508879922,0.6587091585274988,0.0027192291181945176,1
4.467371082305908,0.1919763876338449,0.8852872848510742,0.05494441576658055,1.0,char_wb,0.9,20000,2,"(3, 5)","{'model__alpha': 1.0, 'vec__analyzer': 'char_wb', 'vec__max_df': 0.9, 'vec__max_features': 20000, 'vec__min_df': 2, 'vec__ngram_range': (3, 5)}",0.660476970689969,0.6597487711632988,0.661751319861642,0.6538601602330663,0.659686817188638,0.6591048078273227,0.0027256782250332776,3,0.6506318853243339,0.6515642203503474,0.6513855776805442,0.6430112308004339,0.6489618539747074,0.6491109536260733,0.00318542037087874,3,0.6604991026078065,0.6605157898485807,0.66118889699832,0.6525791423285154,0.6584804283135745,0.6586526720193594,0.003169554603005436,3
4.424487733840943,0.19757559318437795,0.8846286773681641,0.0809705371309803,1.0,char_wb,0.95,20000,2,"(3, 5)","{'model__alpha': 1.0, 'vec__analyzer': 'char_wb', 'vec__max_df': 0.95, 'vec__max_features': 20000, 'vec__min_df': 2, 'vec__ngram_range': (3, 5)}",0.660476970689969,0.6597487711632988,0.661751319861642,0.6538601602330663,0.659686817188638,0.6591048078273227,0.0027256782250332776,3,0.6506318853243339,0.6515642203503474,0.6513855776805442,0.6430112308004339,0.6489618539747074,0.6491109536260733,0.00318542037087874,3,0.6604991026078065,0.6605157898485807,0.66118889699832,0.6525791423285154,0.6584804283135745,0.6586526720193594,0.003169554603005436,3
5.2135172367095945,0.6326952825610113,0.9171778678894043,0.07329107332475406,0.1,char_wb,0.95,20000,5,"(3, 5)","{'model__alpha': 0.1, 'vec__analyzer': 'char_wb', 'vec__max_df': 0.95, 'vec__max_features': 20000, 'vec__min_df': 5, 'vec__ngram_range': (3, 5)}",0.654469324594939,0.6561077735299472,0.651920626251593,0.6493080844865259,0.6502184996358339,0.6524048616997677,0.0025525773335965374,7,0.6489419633366348,0.6528582606617288,0.6461694670372298,0.64369106194299,0.6445300127819408,0.6472381531521048,0.0033330630923238992,5,0.6564886618866893,0.6588613522317046,0.6532155378288883,0.6504345258090017,0.651677199768263,0.6541354555049095,0.0031131280268901747,5
4.722179985046386,0.5941970316603379,0.909408712387085,0.1188957936030652,0.1,char_wb,0.9,20000,5,"(3, 5)","{'model__alpha': 0.1, 'vec__analyzer': 'char_wb', 'vec__max_df': 0.9, 'vec__max_features': 20000, 'vec__min_df': 5, 'vec__ngram_range': (3, 5)}",0.654469324594939,0.6561077735299472,0.651920626251593,0.6493080844865259,0.6502184996358339,0.6524048616997677,0.0025525773335965374,7,0.6489419633366348,0.6528582606617288,0.6461694670372298,0.64369106194299,0.6445300127819408,0.6472381531521048,0.0033330630923238992,5,0.6564886618866893,0.6588613522317046,0.6532155378288883,0.6504345258090017,0.651677199768263,0.6541354555049095,0.0031131280268901747,5
4.294325637817383,0.1334529898307722,0.9551658153533935,0.1401081572943934,0.1,char_wb,0.9,20000,2,"(3, 5)","{'model__alpha': 0.1, 'vec__analyzer': 'char_wb', 'vec__max_df': 0.9, 'vec__max_features': 20000, 'vec__min_df': 2, 'vec__ngram_range': (3, 5)}",0.654469324594939,0.6548334243582742,0.6528308756599308,0.6493080844865259,0.6494901675163874,0.6521863753232114,0.0023743715519465836,9,0.6488736023519679,0.6514632624459215,0.6470722659663436,0.6436669362119233,0.6438853121372402,0.6469922758226793,0.0029747812083445414,7,0.6564704325392268,0.6575315569906439,0.6540579751137746,0.650385174391572,0.6509497238771701,0.6538789725824774,0.00285923777425894,7
4.749266004562378,0.35184982251412433,0.8529088973999024,0.03973576420021738,0.1,char_wb,0.95,20000,2,"(3, 5)","{'model__alpha': 0.1, 'vec__analyzer': 'char_wb', 'vec__max_df': 0.95, 'vec__max_features': 20000, 'vec__min_df': 2, 'vec__ngram_range': (3, 5)}",0.654469324594939,0.6548334243582742,0.6528308756599308,0.6493080844865259,0.6494901675163874,0.6521863753232114,0.0023743715519465836,9,0.6488736023519679,0.6514632624459215,0.6470722659663436,0.6436669362119233,0.6438853121372402,0.6469922758226793,0.0029747812083445414,7,0.6564704325392268,0.6575315569906439,0.6540579751137746,0.650385174391572,0.6509497238771701,0.6538789725824774,0.00285923777425894,7
4.2813764095306395,0.18439014815280907,1.0476609706878661,0.25178873200933766,0.01,char_wb,0.9,20000,5,"(3, 5)","{'model__alpha': 0.01, 'vec__analyzer': 'char_wb', 'vec__max_df': 0.9, 'vec__max_features': 20000, 'vec__min_df': 5, 'vec__ngram_range': (3, 5)}",0.6506462770799198,0.6539231749499362,0.6480975787365738,0.6483976693372178,0.6485797523670794,0.6499288904941454,0.002190318081830456,11,0.6446187984781961,0.6502274112100702,0.642235985545743,0.6426399137196052,0.642693560945489,0.6444831339798208,0.00298880693293282,9,0.6526046765718563,0.6565697845023787,0.6492303317285603,0.6496269119687725,0.6499645612994537,0.6515992532142043,0.002752860115028041,9
4.581323480606079,0.445270519470106,0.960896110534668,0.12098785992631982,0.01,char_wb,0.95,20000,5,"(3, 5)","{'model__alpha': 0.01, 'vec__analyzer': 'char_wb', 'vec__max_df': 0.95, 'vec__max_features': 20000, 'vec__min_df': 5, 'vec__ngram_range': (3, 5)}",0.6506462770799198,0.6539231749499362,0.6480975787365738,0.6483976693372178,0.6485797523670794,0.6499288904941454,0.002190318081830456,11,0.6446187984781961,0.6502274112100702,0.642235985545743,0.6426399137196052,0.642693560945489,0.6444831339798208,0.00298880693293282,9,0.6526046765718563,0.6565697845023787,0.6492303317285603,0.6496269119687725,0.6499645612994537,0.6515992532142043,0.002752860115028041,9
4.347095251083374,0.42843500484679226,0.8214672565460205,0.05602032114214246,0.01,char_wb,0.95,20000,2,"(3, 5)","{'model__alpha': 0.01, 'vec__analyzer': 'char_wb', 'vec__max_df': 0.95, 'vec__max_features': 20000, 'vec__min_df': 2, 'vec__ngram_range': (3, 5)}",0.6511924267249226,0.6524667758965956,0.6480975787365738,0.6473051711580481,0.6478514202476329,0.6493826745527546,0.0020542207954592014,13,0.6452372786642303,0.6486822628441126,0.6422158980992242,0.6417831128628043,0.6419406858995549,0.6439718476739852,0.0026754014204498,11,0.6531135767512493,0.6551007802032299,0.6491673649912064,0.6485709815687247,0.6491839150106159,0.6510273237050053,0.0026014118604305967,11
4.518549156188965,0.14138580384662133,0.8727073669433594,0.09223881782606211,0.01,char_wb,0.9,20000,2,"(3, 5)","{'model__alpha': 0.01, 'vec__analyzer': 'char_wb', 'vec__max_df': 0.9, 'vec__max_features': 20000, 'vec__min_df': 2, 'vec__ngram_range': (3, 5)}",0.6511924267249226,0.6524667758965956,0.6480975787365738,0.6473051711580481,0.6478514202476329,0.6493826745527546,0.0020542207954592014,13,0.6452372786642303,0.6486822628441126,0.6422158980992242,0.6417831128628043,0.6419406858995549,0.6439718476739852,0.0026754014204498,11,0.6531135767512493,0.6551007802032299,0.6491673649912064,0.6485709815687247,0.6491839150106159,0.6510273237050053,0.0026014118604305967,11
4.5103339672088625,0.21723032937200515,0.9242155075073242,0.07310877183429934,1.0,char_wb,0.95,50000,5,"(3, 5)","{'model__alpha': 1.0, 'vec__analyzer': 'char_wb', 'vec__max_df': 0.95, 'vec__max_features': 50000, 'vec__min_df': 5, 'vec__ngram_range': (3, 5)}",0.6504642271982524,0.6586564718732932,0.653194975423266,0.6500364166059723,0.6516751638747269,0.6528054509951021,0.0031245032849004906,5,0.6358725722395021,0.6462097126837011,0.6386632930726998,0.6351399181733371,0.6363073492893544,0.6384385690917188,0.004060756312997655,15,0.6476463377960516,0.6575639665160626,0.6503142152969966,0.6464961674124523,0.6476206738445351,0.6499282721732197,0.004019063518513877,13
4.6735734939575195,0.2904245385628795,0.9219688415527344,0.09077229607735876,1.0,char_wb,0.9,50000,5,"(3, 5)","{'model__alpha': 1.0, 'vec__analyzer': 'char_wb', 'vec__max_df': 0.9, 'vec__max_features': 50000, 'vec__min_df': 5, 'vec__ngram_range': (3, 5)}",0.6504642271982524,0.6586564718732932,0.653194975423266,0.6500364166059723,0.6516751638747269,0.6528054509951021,0.0031245032849004906,5,0.6358725722395021,0.6462097126837011,0.6386632930726998,0.6351399181733371,0.6363073492893544,0.6384385690917188,0.004060756312997655,15,0.6476463377960516,0.6575639665160626,0.6503142152969966,0.6464961674124523,0.6476206738445351,0.6499282721732197,0.004019063518513877,13
4.4377655506134035,0.11815301488016906,0.8441070079803467,0.022977367664300013,0.1,char_wb,0.95,50000,5,"(3, 5)","{'model__alpha': 0.1, 'vec__analyzer': 'char_wb', 'vec__max_df': 0.95, 'vec__max_features': 50000, 'vec__min_df': 5, 'vec__ngram_range': (3, 5)}",0.6464591298015656,0.6479155288549062,0.6406335335882032,0.6412964311726147,0.6411143481427531,0.6434837943120086,0.003066454342734478,21,0.6425096621107705,0.6462888876183674,0.6364757115851195,0.6370403552922833,0.6364017360161319,0.6397432705245346,0.003991154484447005,13,0.6487974887064006,0.6509399663567134,0.6424065912196181,0.642667333919002,0.6428264208105315,0.6455275602024532,0.0036112066847123593,15
4.4173037052154545,0.09633676884375557,1.0982876300811768,0.185478660065356,0.1,char_wb,0.9,50000,5,"(3, 5)","{'model__alpha': 0.1, 'vec__analyzer': 'char_wb', 'vec__max_df': 0.9, 'vec__max_features': 50000, 'vec__min_df': 5, 'vec__ngram_range': (3, 5)}",0.6464591298015656,0.6479155288549062,0.6406335335882032,0.6412964311726147,0.6411143481427531,0.6434837943120086,0.003066454342734478,21,0.6425096621107705,0.6462888876183674,0.6364757115851195,0.6370403552922833,0.6364017360161319,0.6397432705245346,0.003991154484447005,13,0.6487974887064006,0.6509399663567134,0.6424065912196181,0.642667333919002,0.6428264208105315,0.6455275602024532,0.0036112066847123593,15
4.014751720428467,0.2215184984047269,0.918033218383789,0.03142857306433351,0.1,char_wb,0.9,20000,5,"(2, 4)","{'model__alpha': 0.1, 'vec__analyzer': 'char_wb', 'vec__max_df': 0.9, 'vec__max_features': 20000, 'vec__min_df': 5, 'vec__ngram_range': (2, 4)}",0.6430001820498816,0.6468232295649008,0.6391771345348626,0.635469774217043,0.6376547705753823,0.6404250181884141,0.0040337205157950935,25,0.6349251022572635,0.6419814656808877,0.6313794653687724,0.6276040255474703,0.6293700301412384,0.6330520177991265,0.005084851407457899,17,0.6436453731948828,0.6490001882232149,0.6395822393346066,0.635405549233406,0.6378244591890758,0.6410915618350372,0.004782281405875664,17
5.149846982955933,0.7235155407873219,1.0299384117126464,0.09758901228984937,0.1,char_wb,0.95,20000,5,"(2, 4)","{'model__alpha': 0.1, 'vec__analyzer': 'char_wb', 'vec__max_df': 0.95, 'vec__max_features': 20000, 'vec__min_df': 5, 'vec__ngram_range': (2, 4)}",0.6430001820498816,0.6468232295649008,0.6391771345348626,0.635469774217043,0.6376547705753823,0.6404250181884141,0.0040337205157950935,25,0.6349251022572635,0.6419814656808877,0.6313794653687724,0.6276040255474703,0.6293700301412384,0.6330520177991265,0.005084851407457899,17,0.6436453731948828,0.6490001882232149,0.6395822393346066,0.635405549233406,0.6378244591890758,0.6410915618350372,0.004782281405875664,17
4.141893720626831,0.2596182198580092,1.0863994121551515,0.22096876875207794,0.1,char_wb,0.9,20000,2,"(2, 4)","{'model__alpha': 0.1, 'vec__analyzer': 'char_wb', 'vec__max_df': 0.9, 'vec__max_features': 20000, 'vec__min_df': 2, 'vec__ngram_range': (2, 4)}",0.6431822319315492,0.6468232295649008,0.6399053340615328,0.6345593590677349,0.6376547705753823,0.64042498504022,0.00426355806310389,27,0.6350110428407798,0.6420454024500267,0.6320680397906024,0.626661051725319,0.6293500558282049,0.6330271185269865,0.0052959008532273985,19,0.6437691622059628,0.6490298751663225,0.6401970127207913,0.634446054845542,0.6378312877577269,0.641054678539269,0.0050154148129326025,19
4.493262863159179,0.6289727719541433,1.201105260848999,0.3882088095427458,0.1,char_wb,0.95,20000,2,"(2, 4)","{'model__alpha': 0.1, 'vec__analyzer': 'char_wb', 'vec__max_df': 0.95, 'vec__max_features': 20000, 'vec__min_df': 2, 'vec__ngram_range': (2, 4)}",0.6431822319315492,0.6468232295649008,0.6399053340615328,0.6345593590677349,0.6376547705753823,0.64042498504022,0.00426355806310389,27,0.6350110428407798,0.6420454024500267,0.6320680397906024,0.626661051725319,0.6293500558282049,0.6330271185269865,0.0052959008532273985,19,0.6437691622059628,0.6490298751663225,0.6401970127207913,0.634446054845542,0.6378312877577269,0.641054678539269,0.0050154148129326025,19
4.0677087783813475,0.3002977430247635,1.0071120262145996,0.09994576319093998,1.0,char_wb,0.9,20000,5,"(2, 4)","{'model__alpha': 1.0, 'vec__analyzer': 'char_wb', 'vec__max_df': 0.9, 'vec__max_features': 20000, 'vec__min_df': 5, 'vec__ngram_range': (2, 4)}",0.6406335335882032,0.6508283269615874,0.6459129801565628,0.6376547705753823,0.6438455935906774,0.6437750409744826,0.004508910805282498,17,0.6234115370227314,0.6361527945342974,0.6296038600880699,0.6205303547205862,0.6269052754913937,0.6273207643714157,0.005381108353279256,25,0.6355184760882487,0.6482019409408821,0.6419186748002095,0.6321394912055404,0.6384600518892132,0.6392477269848188,0.005520265754528845,21
4.0411135196685795,0.19136716424663427,1.0285457134246827,0.11437863737980684,1.0,char_wb,0.95,20000,5,"(2, 4)","{'model__alpha': 1.0, 'vec__analyzer': 'char_wb', 'vec__max_df': 0.95, 'vec__max_features': 20000, 'vec__min_df': 5, 'vec__ngram_range': (2, 4)}",0.6406335335882032,0.6508283269615874,0.6459129801565628,0.6376547705753823,0.6438455935906774,0.6437750409744826,0.004508910805282498,17,0.6234115370227314,0.6361527945342974,0.6296038600880699,0.6205303547205862,0.6269052754913937,0.6273207643714157,0.005381108353279256,25,0.6355184760882487,0.6482019409408821,0.6419186748002095,0.6321394912055404,0.6384600518892132,0.6392477269848188,0.005520265754528845,21
4.411165809631347,0.46988592105071003,1.0130746364593506,0.09134197692172398,1.0,char_wb,0.9,20000,2,"(2, 4)","{'model__alpha': 1.0, 'vec__analyzer': 'char_wb', 'vec__max_df': 0.9, 'vec__max_features': 20000, 'vec__min_df': 2, 'vec__ngram_range': (2, 4)}",0.6404514837065356,0.6506462770799198,0.6457309302748954,0.6376547705753823,0.644027676620539,0.6437022276514545,0.00446274460647629,19,0.6231973125154477,0.6360026443841473,0.6294097230273049,0.6205744547646861,0.6270995256856439,0.627256732075446,0.005334468731209652,27,0.6352296978060826,0.648075195488199,0.6417319344753949,0.6321665747620993,0.6386441802482424,0.6391695165560036,0.0054902904590606195,23
4.1009660243988035,0.16434166768903277,0.9578252792358398,0.06258975156104153,1.0,char_wb,0.95,20000,2,"(2, 4)","{'model__alpha': 1.0, 'vec__analyzer': 'char_wb', 'vec__max_df': 0.95, 'vec__max_features': 20000, 'vec__min_df': 2, 'vec__ngram_range': (2, 4)}",0.6404514837065356,0.6506462770799198,0.6457309302748954,0.6376547705753823,0.644027676620539,0.6437022276514545,0.00446274460647629,19,0.6231973125154477,0.6360026443841473,0.6294097230273049,0.6205744547646861,0.6270995256856439,0.627256732075446,0.005334468731209652,27,0.6352296978060826,0.648075195488199,0.6417319344753949,0.6321665747620993,0.6386441802482424,0.6391695165560036,0.0054902904590606195,23
4.055308389663696,0.07642235557763014,0.9420809745788574,0.03333264410167156,0.1,char_wb,0.95,50000,5,"(2, 4)","{'model__alpha': 0.1, 'vec__analyzer': 'char_wb', 'vec__max_df': 0.95, 'vec__max_features': 50000, 'vec__min_df': 5, 'vec__ngram_range': (2, 4)}",0.6413617331148734,0.642818132168214,0.6362643364281814,0.6325564457392571,0.6371085214857976,0.6380218337872647,0.0036865379021558784,29,0.6332010438448284,0.6382063416745497,0.6283487828063993,0.6250052486556342,0.6285792335920871,0.6306681301146997,0.004583696598237319,23,0.641873543980823,0.6450955658427359,0.6366344008588718,0.6326215701968353,0.6369184029223288,0.638628696760319,0.004366630735888698,25
4.0759275436401365,0.36248644983129846,0.9594107151031495,0.07668755365723581,0.1,char_wb,0.9,50000,5,"(2, 4)","{'model__alpha': 0.1, 'vec__analyzer': 'char_wb', 'vec__max_df': 0.9, 'vec__max_features': 50000, 'vec__min_df': 5, 'vec__ngram_range': (2, 4)}",0.6413617331148734,0.642818132168214,0.6362643364281814,0.6325564457392571,0.6371085214857976,0.6380218337872647,0.0036865379021558784,29,0.6332010438448284,0.6382063416745497,0.6283487828063993,0.6250052486556342,0.6285792335920871,0.6306681301146997,0.004583696598237319,23,0.641873543980823,0.6450955658427359,0.6366344008588718,0.6326215701968353,0.6369184029223288,0.638628696760319,0.004366630735888698,25
4.611695432662964,0.28232548271934754,0.9037789821624755,0.06880821030239422,1.0,char_wb,0.95,50000,2,"(3, 5)","{'model__alpha': 1.0, 'vec__analyzer': 'char_wb', 'vec__max_df': 0.95, 'vec__max_features': 50000, 'vec__min_df': 2, 'vec__ngram_range': (3, 5)}",0.641543782996541,0.647551429091571,0.645002730748225,0.644027676620539,0.6442097596504006,0.6444670758214552,0.0019289938053448376,15,0.6217855989381357,0.6307426145576435,0.6260778245340607,0.6246213828476038,0.6247749016386549,0.6256004645032196,0.0029278980170979545,35,0.6341619622722957,0.6438901930456672,0.6389079748296602,0.6368032731973546,0.6372848065588542,0.6382096419807664,0.003224073011075699,27
4.902051687240601,0.3466959504681123,0.9365216732025147,0.027307600866310233,1.0,char_wb,0.9,50000,2,"(3, 5)","{'model__alpha': 1.0, 'vec__analyzer': 'char_wb', 'vec__max_df': 0.9, 'vec__max_features': 50000, 'vec__min_df': 2, 'vec__ngram_range': (3, 5)}",0.641543782996541,0.647551429091571,0.645002730748225,0.644027676620539,0.6442097596504006,0.6444670758214552,0.0019289938053448376,15,0.6217855989381357,0.6307426145576435,0.6260778245340607,0.6246213828476038,0.6247749016386549,0.6256004645032196,0.0029278980170979545,35,0.6341619622722957,0.6438901930456672,0.6389079748296602,0.6368032731973546,0.6372848065588542,0.6382096419807664,0.003224073011075699,27
4.63910551071167,0.3568360722899926,0.9808471202850342,0.13006704088798188,0.1,char_wb,0.95,50000,2,"(3, 5)","{'model__alpha': 0.1, 'vec__analyzer': 'char_wb', 'vec__max_df': 0.95, 'vec__max_features': 50000, 'vec__min_df': 2, 'vec__ngram_range': (3, 5)}",0.6391771345348626,0.640269433824868,0.6289823411614782,0.6365622723962127,0.6334668608885652,0.6356916085611973,0.004094562301863679,31,0.635066824774731,0.6388471295985747,0.6250567719054633,0.6331206284933791,0.6302518555731923,0.632468642069068,0.00464135119386576,21,0.6413054917873194,0.6435087215613162,0.6307180486009774,0.6381943658107482,0.6357032435110127,0.6378859742542747,0.00446199427293506,29
4.666232252120972,0.35861236483174813,0.9479807853698731,0.08186739717523529,0.1,char_wb,0.9,50000,2,"(3, 5)","{'model__alpha': 0.1, 'vec__analyzer': 'char_wb', 'vec__max_df': 0.9, 'vec__max_features': 50000, 'vec__min_df': 2, 'vec__ngram_range': (3, 5)}",0.6391771345348626,0.640269433824868,0.6289823411614782,0.6365622723962127,0.6334668608885652,0.6356916085611973,0.004094562301863679,31,0.635066824774731,0.6388471295985747,0.6250567719054633,0.6331206284933791,0.6302518555731923,0.632468642069068,0.00464135119386576,21,0.6413054917873194,0.6435087215613162,0.6307180486009774,0.6381943658107482,0.6357032435110127,0.6378859742542747,0.00446199427293506,29
3.9588937759399414,0.3352890499480181,1.0299227237701416,0.1594226905840811,0.01,char_wb,0.95,20000,5,"(2, 4)","{'model__alpha': 0.01, 'vec__analyzer': 'char_wb', 'vec__max_df': 0.95, 'vec__max_features': 20000, 'vec__min_df': 5, 'vec__ngram_range': (2, 4)}",0.638995084653195,0.6382668851265246,0.6337156380848352,0.6287327021121631,0.6347414420975965,0.6348903504148629,0.0036761007927259997,33,0.6305674817088421,0.633539766776761,0.6250943696345268,0.6201254565007779,0.6255089576426337,0.6269672064527083,0.004660559641879974,31,0.6393788298328901,0.6406158568980288,0.6336917385972584,0.6283489322791217,0.6342202413983252,0.6352511198011249,0.004403475146619078,31
4.139656972885132,0.1490063293306033,0.9328061580657959,0.037697031925101585,0.01,char_wb,0.9,20000,5,"(2, 4)","{'model__alpha': 0.01, 'vec__analyzer': 'char_wb', 'vec__max_df': 0.9, 'vec__max_features': 20000, 'vec__min_df': 5, 'vec__ngram_range': (2, 4)}",0.638995084653195,0.6382668851265246,0.6337156380848352,0.6287327021121631,0.6347414420975965,0.6348903504148629,0.0036761007927259997,33,0.6305674817088421,0.633539766776761,0.6250943696345268,0.6201254565007779,0.6255089576426337,0.6269672064527083,0.004660559641879974,31,0.6393788298328901,0.6406158568980288,0.6336917385972584,0.6283489322791217,0.6342202413983252,0.6352511198011249,0.004403475146619078,31
4.175490045547486,0.27176039054410717,0.9796704292297364,0.05416948996321326,0.01,char_wb,0.95,20000,2,"(2, 4)","{'model__alpha': 0.01, 'vec__analyzer': 'char_wb', 'vec__max_df': 0.95, 'vec__max_features': 20000, 'vec__min_df': 2, 'vec__ngram_range': (2, 4)}",0.6391771345348626,0.6384489350081922,0.6338976879665028,0.6285506190823015,0.6341951930080116,0.6348539139199743,0.0038129836148168483,35,0.6307617319030924,0.6336700802018721,0.6252885066952917,0.6200194063947277,0.6249103841648829,0.6269300218719733,0.004788329622541457,33,0.639504599471624,0.6407425916298634,0.6338784848200304,0.6281808938298116,0.6336321790156464,0.6351877497533951,0.004532581266388374,33
4.123119306564331,0.21534496615740858,0.9783447265625,0.10241382394276084,0.01,char_wb,0.9,20000,2,"(2, 4)","{'model__alpha': 0.01, 'vec__analyzer': 'char_wb', 'vec__max_df': 0.9, 'vec__max_features': 20000, 'vec__min_df': 2, 'vec__ngram_range': (2, 4)}",0.6391771345348626,0.6384489350081922,0.6338976879665028,0.6285506190823015,0.6341951930080116,0.6348539139199743,0.0038129836148168483,35,0.6307617319030924,0.6336700802018721,0.6252885066952917,0.6200194063947277,0.6249103841648829,0.6269300218719733,0.004788329622541457,33,0.639504599471624,0.6407425916298634,0.6338784848200304,0.6281808938298116,0.6336321790156464,0.6351877497533951,0.004532581266388374,33
4.164355611801147,0.13953364401196436,1.0333510398864747,0.05891851567166019,1.0,char_wb,0.95,50000,5,"(2, 4)","{'model__alpha': 1.0, 'vec__analyzer': 'char_wb', 'vec__max_df': 0.95, 'vec__max_features': 50000, 'vec__min_df': 5, 'vec__ngram_range': (2, 4)}",0.6397232841798652,0.6470052794465684,0.6409976333515384,0.6329206117989803,0.6416605972323379,0.6404614812018581,0.004515667836415155,23,0.6213940403483084,0.6310682585249059,0.6233837413028415,0.6148956603969458,0.6235490834462557,0.6228581568038514,0.00517115799383855,41,0.633767785793954,0.6435195309889703,0.6359241275593961,0.6268064105184014,0.635467483024469,0.6350970675770381,0.005334062434321754,35
4.266169738769531,0.507020260990378,0.9422039985656738,0.053872306801426566,1.0,char_wb,0.9,50000,5,"(2, 4)","{'model__alpha': 1.0, 'vec__analyzer': 'char_wb', 'vec__max_df': 0.9, 'vec__max_features': 50000, 'vec__min_df': 5, 'vec__ngram_range': (2, 4)}",0.6397232841798652,0.6470052794465684,0.6409976333515384,0.6329206117989803,0.6416605972323379,0.6404614812018581,0.004515667836415155,23,0.6213940403483084,0.6310682585249059,0.6233837413028415,0.6148956603969458,0.6235490834462557,0.6228581568038514,0.00517115799383855,41,0.633767785793954,0.6435195309889703,0.6359241275593961,0.6268064105184014,0.635467483024469,0.6350970675770381,0.005334062434321754,35
4.65684232711792,0.4226712686771283,0.9200640678405761,0.15487745334789607,0.01,char_wb,0.95,50000,5,"(3, 5)","{'model__alpha': 0.01, 'vec__analyzer': 'char_wb', 'vec__max_df': 0.95, 'vec__max_features': 50000, 'vec__min_df': 5, 'vec__ngram_range': (3, 5)}",0.6362643364281814,0.637720735481522,0.6269797924631348,0.6280043699927167,0.6310997815003642,0.6320138031731838,0.004310182436967058,37,0.6308515322235722,0.6350759486597637,0.622040498666122,0.6223215674372486,0.6256795922605692,0.6271938278494551,0.0050615266940228654,29,0.6380676378029398,0.6403959964958199,0.6282385362952724,0.6287390033167123,0.6324175310711774,0.6335717409963844,0.004897227330494341,37
4.591576433181762,0.4025794349547005,0.8946624755859375,0.07511501535331142,0.01,char_wb,0.9,50000,5,"(3, 5)","{'model__alpha': 0.01, 'vec__analyzer': 'char_wb', 'vec__max_df': 0.9, 'vec__max_features': 50000, 'vec__min_df': 5, 'vec__ngram_range': (3, 5)}",0.6362643364281814,0.637720735481522,0.6269797924631348,0.6280043699927167,0.6310997815003642,0.6320138031731838,0.004310182436967058,37,0.6308515322235722,0.6350759486597637,0.622040498666122,0.6223215674372486,0.6256795922605692,0.6271938278494551,0.0050615266940228654,29,0.6380676378029398,0.6403959964958199,0.6282385362952724,0.6287390033167123,0.6324175310711774,0.6335717409963844,0.004897227330494341,37
4.207426691055298,0.1302235618279372,1.0344151973724365,0.09200463852001811,0.1,char_wb,0.95,50000,2,"(2, 4)","{'model__alpha': 0.1, 'vec__analyzer': 'char_wb', 'vec__max_df': 0.95, 'vec__max_features': 50000, 'vec__min_df': 2, 'vec__ngram_range': (2, 4)}",0.630802839978154,0.6360822865465138,0.628618241398143,0.6283685360524399,0.6343772760378733,0.6316498360026248,0.003090645383876112,39,0.62314505598929,0.6311625340527075,0.6216417549283506,0.6220685414772819,0.6270800507304363,0.6250195874356133,0.0036225293640864114,37,0.6315924606302848,0.6379356513987317,0.629192970323825,0.6291196931077625,0.634906712622997,0.6325494976167202,0.00342090249438112,39
4.344739055633545,0.4641593297359451,0.992275619506836,0.05592683238026472,0.1,char_wb,0.9,50000,2,"(2, 4)","{'model__alpha': 0.1, 'vec__analyzer': 'char_wb', 'vec__max_df': 0.9, 'vec__max_features': 50000, 'vec__min_df': 2, 'vec__ngram_range': (2, 4)}",0.630802839978154,0.6360822865465138,0.628618241398143,0.6283685360524399,0.6343772760378733,0.6316498360026248,0.003090645383876112,39,0.62314505598929,0.6311625340527075,0.6216417549283506,0.6220685414772819,0.6270800507304363,0.6250195874356133,0.0036225293640864114,37,0.6315924606302848,0.6379356513987317,0.629192970323825,0.6291196931077625,0.634906712622997,0.6325494976167202,0.00342090249438112,39
4.215945386886597,0.5163793557758523,1.0172195911407471,0.14503643303652405,0.01,char_wb,0.9,50000,5,"(2, 4)","{'model__alpha': 0.01, 'vec__analyzer': 'char_wb', 'vec__max_df': 0.9, 'vec__max_features': 50000, 'vec__min_df': 5, 'vec__ngram_range': (2, 4)}",0.6357181867831786,0.6359002366648462,0.628618241398143,0.6256372906045157,0.6298252002913328,0.6311398311484033,0.00404938075748787,41,0.6270479056774052,0.6312681309791137,0.6197531024308613,0.6173124551016582,0.6209223344184783,0.6232607857215033,0.005130588452838933,39,0.6357230558759362,0.6381841184139474,0.6286120539278668,0.6251546639835308,0.6293647110011839,0.6314077206404931,0.004808992478428538,41
4.090965318679809,0.06452151080691175,0.9165481567382813,0.03383343797386685,0.01,char_wb,0.95,50000,5,"(2, 4)","{'model__alpha': 0.01, 'vec__analyzer': 'char_wb', 'vec__max_df': 0.95, 'vec__max_features': 50000, 'vec__min_df': 5, 'vec__ngram_range': (2, 4)}",0.6357181867831786,0.6359002366648462,0.628618241398143,0.6256372906045157,0.6298252002913328,0.6311398311484033,0.00404938075748787,41,0.6270479056774052,0.6312681309791137,0.6197531024308613,0.6173124551016582,0.6209223344184783,0.6232607857215033,0.005130588452838933,39,0.6357230558759362,0.6381841184139474,0.6286120539278668,0.6251546639835308,0.6293647110011839,0.6314077206404931,0.004808992478428538,41
4.2894227504730225,0.15711197342572084,0.8693110466003418,0.007970037438297396,0.01,char_wb,0.95,50000,2,"(3, 5)","{'model__alpha': 0.01, 'vec__analyzer': 'char_wb', 'vec__max_df': 0.95, 'vec__max_features': 50000, 'vec__min_df': 2, 'vec__ngram_range': (3, 5)}",0.62133624613144,0.6264336428181322,0.6136901511014018,0.6205389657683904,0.6154406409322651,0.6194879293503258,0.004533401906184312,45,0.6172135375914678,0.6241306770208505,0.6094309072072642,0.61652988311086,0.6119412327638548,0.6158492475388594,0.00504726259448713,43,0.6233263901463363,0.6295832974475232,0.6150088947002411,0.6221687980375242,0.6175861028691387,0.6215346966401527,0.005031296232306297,43
4.389270639419555,0.14195879663305683,0.9231399059295654,0.035043992698417493,0.01,char_wb,0.9,50000,2,"(3, 5)","{'model__alpha': 0.01, 'vec__analyzer': 'char_wb', 'vec__max_df': 0.9, 'vec__max_features': 50000, 'vec__min_df': 2, 'vec__ngram_range': (3, 5)}",0.62133624613144,0.6264336428181322,0.6136901511014018,0.6205389657683904,0.6154406409322651,0.6194879293503258,0.004533401906184312,45,0.6172135375914678,0.6241306770208505,0.6094309072072642,0.61652988311086,0.6119412327638548,0.6158492475388594,0.00504726259448713,43,0.6233263901463363,0.6295832974475232,0.6150088947002411,0.6221687980375242,0.6175861028691387,0.6215346966401527,0.005031296232306297,43
4.495414113998413,0.3102376545150071,1.1520821094512939,0.2315322252786971,0.01,char_wb,0.9,50000,2,"(2, 4)","{'model__alpha': 0.01, 'vec__analyzer': 'char_wb', 'vec__max_df': 0.9, 'vec__max_features': 50000, 'vec__min_df': 2, 'vec__ngram_range': (2, 4)}",0.6115055525213908,0.610595303113053,0.6089568541780448,0.6105243991260014,0.6156227239621267,0.6114409665801234,0.002245765934793846,47,0.6046568498323134,0.60619038133489,0.6025366233232378,0.6043207921099952,0.6091623712446336,0.605373403569014,0.002222273206466264,45,0.6120946970642195,0.6127126801104954,0.6093365056707976,0.6109798586420465,0.6160865078327138,0.6122420498640546,0.0022386771312163495,45
4.127675342559814,0.3314970679830736,0.9924524307250977,0.11233280890227101,0.01,char_wb,0.95,50000,2,"(2, 4)","{'model__alpha': 0.01, 'vec__analyzer': 'char_wb', 'vec__max_df': 0.95, 'vec__max_features': 50000, 'vec__min_df': 2, 'vec__ngram_range': (2, 4)}",0.6115055525213908,0.610595303113053,0.6089568541780448,0.6105243991260014,0.6156227239621267,0.6114409665801234,0.002245765934793846,47,0.6046568498323134,0.60619038133489,0.6025366233232378,0.6043207921099952,0.6091623712446336,0.605373403569014,0.002222273206466264,45,0.6120946970642195,0.6127126801104954,0.6093365056707976,0.6109798586420465,0.6160865078327138,0.6122420498640546,0.0022386771312163495,45
4.493448305130005,0.5601306138002289,1.0598106384277344,0.11738132058297894,1.0,char_wb,0.9,50000,2,"(2, 4)","{'model__alpha': 1.0, 'vec__analyzer': 'char_wb', 'vec__max_df': 0.9, 'vec__max_features': 50000, 'vec__min_df': 2, 'vec__ngram_range': (2, 4)}",0.616602949208083,0.628618241398143,0.6227926451847806,0.6163510560815731,0.6260014566642389,0.6220732697073637,0.004928548334404561,43,0.5880043212650053,0.6028242479109531,0.5955150047436768,0.5884814371960901,0.5988309034581528,0.5947311829147757,0.005783247797370992,47,0.5987075283137164,0.6158542410310158,0.6078409602311535,0.5996468160485916,0.6104695708914044,0.6065038233031764,0.006522977308482644,47
4.159605407714844,0.2539159788232444,1.0156014919281007,0.0898392633988344,1.0,char_wb,0.95,50000,2,"(2, 4)","{'model__alpha': 1.0, 'vec__analyzer': 'char_wb', 'vec__max_df': 0.95, 'vec__max_features': 50000, 'vec__min_df': 2, 'vec__ngram_range': (2, 4)}",0.616602949208083,0.628618241398143,0.6227926451847806,0.6163510560815731,0.6260014566642389,0.6220732697073637,0.004928548334404561,43,0.5880043212650053,0.6028242479109531,0.5955150047436768,0.5884814371960901,0.5988309034581528,0.5947311829147757,0.005783247797370992,47,0.5987075283137164,0.6158542410310158,0.6078409602311535,0.5996468160485916,0.6104695708914044,0.6065038233031764,0.006522977308482644,47
4.456282901763916,0.16671634631828114,0.8768198966979981,0.03277098509300725,10.0,char_wb,0.9,20000,2,"(3, 5)","{'model__alpha': 10.0, 'vec__analyzer': 'char_wb', 'vec__max_df': 0.9, 'vec__max_features': 20000, 'vec__min_df': 2, 'vec__ngram_range': (3, 5)}",0.6007646095030038,0.598580010922993,0.6000364099763336,0.5946831755280408,0.5994173343044428,0.5986963080469627,0.0021313085461102405,51,0.5614624291495222,0.5596705986879398,0.5613351094633088,0.5568876370932926,0.5610078897996637,0.5600727328387454,0.0017149878077076925,51,0.5619977914578861,0.5608159928960627,0.5640828878703471,0.5584833833178896,0.5625811707235654,0.5615922452531501,0.0018768767786514528,49
4.5385880947113035,0.15380082730415265,0.8786201000213623,0.07117548930165887,10.0,char_wb,0.95,20000,2,"(3, 5)","{'model__alpha': 10.0, 'vec__analyzer': 'char_wb', 'vec__max_df': 0.95, 'vec__max_features': 20000, 'vec__min_df': 2, 'vec__ngram_range': (3, 5)}",0.6007646095030038,0.598580010922993,0.6000364099763336,0.5946831755280408,0.5994173343044428,0.5986963080469627,0.0021313085461102405,51,0.5614624291495222,0.5596705986879398,0.5613351094633088,0.5568876370932926,0.5610078897996637,0.5600727328387454,0.0017149878077076925,51,0.5619977914578861,0.5608159928960627,0.5640828878703471,0.5584833833178896,0.5625811707235654,0.5615922452531501,0.0018768767786514528,49
4.689791011810303,0.3201404442628051,0.8897484302520752,0.042004119237511614,10.0,char_wb,0.95,20000,5,"(3, 5)","{'model__alpha': 10.0, 'vec__analyzer': 'char_wb', 'vec__max_df': 0.95, 'vec__max_features': 20000, 'vec__min_df': 5, 'vec__ngram_range': (3, 5)}",0.6007646095030038,0.598944110686328,0.6000364099763336,0.5943190094683175,0.5995994173343044,0.5987327113936575,0.0022849452271545135,49,0.5614182615006719,0.5600348357573791,0.5613351094633088,0.5564150880346254,0.5611780142628472,0.5600762618037665,0.0018976526859615776,49,0.5619419599871178,0.5612219174693687,0.5640828878703471,0.5578576035280217,0.56282778988831,0.561586431748633,0.0020945975310574993,51
4.3926475048065186,0.2033935006411368,0.9496755123138427,0.15819183936640138,10.0,char_wb,0.9,20000,5,"(3, 5)","{'model__alpha': 10.0, 'vec__analyzer': 'char_wb', 'vec__max_df': 0.9, 'vec__max_features': 20000, 'vec__min_df': 5, 'vec__ngram_range': (3, 5)}",0.6007646095030038,0.598944110686328,0.6000364099763336,0.5943190094683175,0.5995994173343044,0.5987327113936575,0.0022849452271545135,49,0.5614182615006719,0.5600348357573791,0.5613351094633088,0.5564150880346254,0.5611780142628472,0.5600762618037665,0.0018976526859615776,49,0.5619419599871178,0.5612219174693687,0.5640828878703471,0.5578576035280217,0.56282778988831,0.561586431748633,0.0020945975310574993,51
4.563892126083374,0.4384317828130872,0.9562525272369384,0.09502956913999054,10.0,char_wb,0.9,50000,5,"(3, 5)","{'model__alpha': 10.0, 'vec__analyzer': 'char_wb', 'vec__max_df': 0.9, 'vec__max_features': 50000, 'vec__min_df': 5, 'vec__ngram_range': (3, 5)}",0.5791006735845622,0.5816493719279082,0.581285272164573,0.5773852876911871,0.5788419519300801,0.5796525114596621,0.0015971972111717533,53,0.5337633077612752,0.5376083003250633,0.5374159382907528,0.5334975572764776,0.5344416782720124,0.5353453563851163,0.0017967803554958454,53,0.5244490342707391,0.5312951216926426,0.5318521543031224,0.5257420486262951,0.5271540904254607,0.528098489863652,0.0029688948618257134,53
4.186431360244751,0.39066216722659486,0.5113379001617432,0.08626204851959414,10.0,char_wb,0.95,50000,5,"(3, 5)","{'model__alpha': 10.0, 'vec__analyzer': 'char_wb', 'vec__max_df': 0.95, 'vec__max_features': 50000, 'vec__min_df': 5, 'vec__ngram_range': (3, 5)}",0.5791006735845622,0.5816493719279082,0.581285272164573,0.5773852876911871,0.5788419519300801,0.5796525114596621,0.0015971972111717533,53,0.5337633077612752,0.5376083003250633,0.5374159382907528,0.5334975572764776,0.5344416782720124,0.5353453563851163,0.0017967803554958454,53,0.5244490342707391,0.5312951216926426,0.5318521543031224,0.5257420486262951,0.5271540904254607,0.528098489863652,0.0029688948618257134,53
4.790447330474853,0.3425077502924566,0.9616297245025635,0.12427583004488743,10.0,char_wb,0.95,50000,2,"(3, 5)","{'model__alpha': 10.0, 'vec__analyzer': 'char_wb', 'vec__max_df': 0.95, 'vec__max_features': 50000, 'vec__min_df': 2, 'vec__ngram_range': (3, 5)}",0.5707263790278536,0.571454578554524,0.5685417804478428,0.5659140568099054,0.564639475600874,0.5682552540881999,0.0026449684923745675,55,0.5230970866557907,0.5248034990809557,0.5217863733030379,0.5191344525534757,0.5175741752862576,0.5212791173759036,0.0026195331786149313,55,0.5087922602400491,0.5126676880515361,0.5101813404720711,0.5053151338480958,0.5035822438287555,0.5081077332881014,0.003281471554802648,55
4.625910806655884,0.17248588453750952,0.9235032081604004,0.033964924233213636,10.0,char_wb,0.9,50000,2,"(3, 5)","{'model__alpha': 10.0, 'vec__analyzer': 'char_wb', 'vec__max_df': 0.9, 'vec__max_features': 50000, 'vec__min_df': 2, 'vec__ngram_range': (3, 5)}",0.5707263790278536,0.571454578554524,0.5685417804478428,0.5659140568099054,0.564639475600874,0.5682552540881999,0.0026449684923745675,55,0.5230970866557907,0.5248034990809557,0.5217863733030379,0.5191344525534757,0.5175741752862576,0.5212791173759036,0.0026195331786149313,55,0.5087922602400491,0.5126676880515361,0.5101813404720711,0.5053151338480958,0.5035822438287555,0.5081077332881014,0.003281471554802648,55
4.1622227191925045,0.3303652953846643,0.9812699317932129,0.026853838385462098,10.0,char_wb,0.95,20000,5,"(2, 4)","{'model__alpha': 10.0, 'vec__analyzer': 'char_wb', 'vec__max_df': 0.95, 'vec__max_features': 20000, 'vec__min_df': 5, 'vec__ngram_range': (2, 4)}",0.5472419442927362,0.542144547606044,0.5448752958310578,0.538965768390386,0.5411507647487254,0.5428756641737899,0.002893441664908886,57,0.4955594909988528,0.49132700953510194,0.4933504068648167,0.4873555202604046,0.48962166545714103,0.4914428186232634,0.0028503299055954974,57,0.470840372207913,0.46773906292320594,0.46942768339633134,0.46133904277805066,0.46521773351728973,0.46691277896455813,0.0033577728425730783,57
4.140963363647461,0.2593543419115744,1.0378870487213134,0.13233802808337214,10.0,char_wb,0.9,20000,5,"(2, 4)","{'model__alpha': 10.0, 'vec__analyzer': 'char_wb', 'vec__max_df': 0.9, 'vec__max_features': 20000, 'vec__min_df': 5, 'vec__ngram_range': (2, 4)}",0.5472419442927362,0.542144547606044,0.5448752958310578,0.538965768390386,0.5411507647487254,0.5428756641737899,0.002893441664908886,57,0.4955594909988528,0.49132700953510194,0.4933504068648167,0.4873555202604046,0.48962166545714103,0.4914428186232634,0.0028503299055954974,57,0.470840372207913,0.46773906292320594,0.46942768339633134,0.46133904277805066,0.46521773351728973,0.46691277896455813,0.0033577728425730783,57
4.08452615737915,0.199010660266598,0.9619803428649902,0.07227189268439814,10.0,char_wb,0.9,20000,2,"(2, 4)","{'model__alpha': 10.0, 'vec__analyzer': 'char_wb', 'vec__max_df': 0.9, 'vec__max_features': 20000, 'vec__min_df': 2, 'vec__ngram_range': (2, 4)}",0.5472419442927362,0.542144547606044,0.5446932459493902,0.5387836853605243,0.5409686817188638,0.5427664209855118,0.002940195209315759,59,0.4955594909988528,0.49132700953510194,0.49315626980405175,0.48714129575312093,0.4894074409498574,0.49131830140819693,0.002914263431239728,59,0.470840372207913,0.46773906292320594,0.46920458046257957,0.4609773076799281,0.46485873939819894,0.46672401253436513,0.003482292981841031,59
4.2564733028411865,0.12978222211419624,1.0480592727661133,0.10766441522569008,10.0,char_wb,0.95,20000,2,"(2, 4)","{'model__alpha': 10.0, 'vec__analyzer': 'char_wb', 'vec__max_df': 0.95, 'vec__max_features': 20000, 'vec__min_df': 2, 'vec__ngram_range': (2, 4)}",0.5472419442927362,0.542144547606044,0.5446932459493902,0.5387836853605243,0.5409686817188638,0.5427664209855118,0.002940195209315759,59,0.4955594909988528,0.49132700953510194,0.49315626980405175,0.48714129575312093,0.4894074409498574,0.49131830140819693,0.002914263431239728,59,0.470840372207913,0.46773906292320594,0.46920458046257957,0.4609773076799281,0.46485873939819894,0.46672401253436513,0.003482292981841031,59
4.093642330169677,0.22079913859518446,0.7680380344390869,0.0697167335615088,10.0,char_wb,0.95,50000,5,"(2, 4)","{'model__alpha': 10.0, 'vec__analyzer': 'char_wb', 'vec__max_df': 0.95, 'vec__max_features': 50000, 'vec__min_df': 5, 'vec__ngram_range': (2, 4)}",0.5452393955943928,0.537047150919352,0.5385035499726926,0.5356882738528769,0.5351420247632921,0.5383240790205213,0.003648487267151225,61,0.4926929839455636,0.48515387937353255,0.48595020168353825,0.4832706760727326,0.48262721977374934,0.4859389921698233,0.0035866608387260597,61,0.4660367531833322,0.4583333589287706,0.4587519626639522,0.4547957736026335,0.45504040647773253,0.4585916509712843,0.0040630526458978996,61
4.368686389923096,0.3532596904778614,1.0084705829620362,0.07687732621514198,10.0,char_wb,0.9,50000,5,"(2, 4)","{'model__alpha': 10.0, 'vec__analyzer': 'char_wb', 'vec__max_df': 0.9, 'vec__max_features': 50000, 'vec__min_df': 5, 'vec__ngram_range': (2, 4)}",0.5452393955943928,0.537047150919352,0.5385035499726926,0.5356882738528769,0.5351420247632921,0.5383240790205213,0.003648487267151225,61,0.4926929839455636,0.48515387937353255,0.48595020168353825,0.4832706760727326,0.48262721977374934,0.4859389921698233,0.0035866608387260597,61,0.4660367531833322,0.4583333589287706,0.4587519626639522,0.4547957736026335,0.45504040647773253,0.4585916509712843,0.0040630526458978996,61
4.259448719024658,0.3884068196369326,1.1280943393707275,0.11380580150573404,10.0,char_wb,0.9,50000,2,"(2, 4)","{'model__alpha': 10.0, 'vec__analyzer': 'char_wb', 'vec__max_df': 0.9, 'vec__max_features': 50000, 'vec__min_df': 2, 'vec__ngram_range': (2, 4)}",0.5226652102676134,0.518478062989259,0.5177498634625888,0.5151128914785142,0.5172978878368536,0.5182607832069658,0.0024715831788305028,63,0.4657533237560414,0.46249189486183706,0.46087291362851207,0.4588671697926197,0.46074056601048885,0.46174517360989975,0.002309798263845271,63,0.42506650794159667,0.42366803599072017,0.41853240910173306,0.41699439268794475,0.4196088509344705,0.420774039331293,0.0030811946472093727,63
4.407909631729126,0.3469124332764898,1.1854050636291504,0.3238517004388693,10.0,char_wb,0.95,50000,2,"(2, 4)","{'model__alpha': 10.0, 'vec__analyzer': 'char_wb', 'vec__max_df': 0.95, 'vec__max_features': 50000, 'vec__min_df': 2, 'vec__ngram_range': (2, 4)}",0.5226652102676134,0.518478062989259,0.5177498634625888,0.5151128914785142,0.5172978878368536,0.5182607832069658,0.0024715831788305028,63,0.4657533237560414,0.46249189486183706,0.46087291362851207,0.4588671697926197,0.46074056601048885,0.46174517360989975,0.002309798263845271,63,0.42506650794159667,0.42366803599072017,0.41853240910173306,0.41699439268794475,0.4196088509344705,0.420774039331293,0.0030811946472093727,63
